Unnamed: 0,customer_id,day_no,usage_app_facebook_daily,usage_app_helakuru_daily,usage_app_other,usage_app_tiktok_daily,usage_app_whatsapp_daily,usage_app_youtube_daily,usage_pack_data,usage_pack_vas,usage_voice_d2d_incoming,usage_voice_d2d_outgoing,usage_voice_d2nd_outgoing,usage_voice_nd2d_incoming
0,9e2adb8e95b6d4f0d645ad02c8cbd935ec7701ec5da22557ec5411c46e9c7f4a,1,82.51,10.08,89.54,100.64,0.0,119.08,60.6,19.7,16.37,22.25,87.2,15.47
1,9e2adb8e95b6d4f0d645ad02c8cbd935ec7701ec5da22557ec5411c46e9c7f4a,2,67.23,9.73,108.57,21.11,31.91,36.45,94.42,18.98,20.88,15.8,49.47,9.86
2,9e2adb8e95b6d4f0d645ad02c8cbd935ec7701ec5da22557ec5411c46e9c7f4a,3,80.07,9.69,103.84,102.24,1.21,0.0,0.0,18.17,19.58,19.96,147.98,18.14
3,9e2adb8e95b6d4f0d645ad02c8cbd935ec7701ec5da22557ec5411c46e9c7f4a,4,76.98,9.36,103.62,68.5,12.9,457.02,20.95,17.51,17.42,17.82,22.7,23.14
4,9e2adb8e95b6d4f0d645ad02c8cbd935ec7701ec5da22557ec5411c46e9c7f4a,5,62.51,9.29,41.36,17.07,9.4,32.2,76.09,16.61,16.93,14.2,0.0,15.01
5,9e2adb8e95b6d4f0d645ad02c8cbd935ec7701ec5da22557ec5411c46e9c7f4a,6,58.72,8.96,81.85,3.77,0.0,235.58,0.0,15.77,14.14,12.89,88.56,22.74
6,9e2adb8e95b6d4f0d645ad02c8cbd935ec7701ec5da22557ec5411c46e9c7f4a,7,64.33,8.86,75.02,2.36,18.47,156.84,2.35,15.31,16.08,17.36,0.0,11.36
7,9e2adb8e95b6d4f0d645ad02c8cbd935ec7701ec5da22557ec5411c46e9c7f4a,8,50.94,8.84,60.39,0.0,0.57,55.59,69.21,14.04,16.18,14.78,0.0,12.69
8,9e2adb8e95b6d4f0d645ad02c8cbd935ec7701ec5da22557ec5411c46e9c7f4a,9,48.13,8.64,70.59,29.29,16.05,161.13,279.41,13.01,13.71,15.48,30.13,19.05
9,9e2adb8e95b6d4f0d645ad02c8cbd935ec7701ec5da22557ec5411c46e9c7f4a,10,0.0,8.24,55.62,13.87,1.06,198.79,348.88,12.16,0.0,10.96,16.72,30.9
10,9e2adb8e95b6d4f0d645ad02c8cbd935ec7701ec5da22557ec5411c46e9c7f4a,11,0.0,8.32,71.88,0.0,13.79,178.19,62.06,11.58,0.0,8.93,89.69,15.99
11,9e2adb8e95b6d4f0d645ad02c8cbd935ec7701ec5da22557ec5411c46e9c7f4a,12,0.0,8.05,36.03,24.18,6.72,447.47,0.0,10.83,0.0,10.57,35.85,0.0
12,9e2adb8e95b6d4f0d645ad02c8cbd935ec7701ec5da22557ec5411c46e9c7f4a,13,0.0,7.81,59.66,0.0,12.35,0.0,0.0,9.85,0.0,9.42,78.23,14.43
13,9e2adb8e95b6d4f0d645ad02c8cbd935ec7701ec5da22557ec5411c46e9c7f4a,14,0.0,7.75,38.24,21.93,2.03,122.01,0.0,8.69,0.0,7.39,0.0,30.19
14,9e2adb8e95b6d4f0d645ad02c8cbd935ec7701ec5da22557ec5411c46e9c7f4a,15,0.0,7.39,20.45,8.59,13.07,281.54,0.0,8.02,0.0,0.0,0.0,8.05
15,9e2adb8e95b6d4f0d645ad02c8cbd935ec7701ec5da22557ec5411c46e9c7f4a,16,0.0,7.22,25.64,27.75,20.08,184.2,0.0,7.02,0.0,0.0,28.59,13.5
16,9e2adb8e95b6d4f0d645ad02c8cbd935ec7701ec5da22557ec5411c46e9c7f4a,17,0.0,7.05,30.51,0.0,27.95,171.94,0.0,6.27,0.0,0.0,0.0,0.0
17,9e2adb8e95b6d4f0d645ad02c8cbd935ec7701ec5da22557ec5411c46e9c7f4a,18,0.0,6.68,36.06,0.0,0.0,172.59,0.0,5.46,9.22,0.0,0.0,0.0
18,9e2adb8e95b6d4f0d645ad02c8cbd935ec7701ec5da22557ec5411c46e9c7f4a,19,34.18,6.74,17.56,0.0,12.39,397.03,0.0,4.92,11.87,0.0,0.0,0.0
19,9e2adb8e95b6d4f0d645ad02c8cbd935ec7701ec5da22557ec5411c46e9c7f4a,20,30.46,6.58,0.0,0.0,21.8,13.38,0.0,3.99,8.22,0.0,0.0,0.0
20,9e2adb8e95b6d4f0d645ad02c8cbd935ec7701ec5da22557ec5411c46e9c7f4a,21,20.34,6.33,0.0,0.0,0.0,247.56,0.0,3.01,5.75,0.0,0.0,0.0
21,9e2adb8e95b6d4f0d645ad02c8cbd935ec7701ec5da22557ec5411c46e9c7f4a,22,23.98,0.0,0.0,0.0,12.29,48.97,0.0,2.16,7.77,0.0,0.0,0.0
22,9e2adb8e95b6d4f0d645ad02c8cbd935ec7701ec5da22557ec5411c46e9c7f4a,23,17.26,0.0,0.0,0.0,9.92,21.28,0.0,1.28,7.02,0.0,0.0,0.0
23,9e2adb8e95b6d4f0d645ad02c8cbd935ec7701ec5da22557ec5411c46e9c7f4a,24,19.28,0.0,0.0,0.0,15.36,215.06,0.0,0.0,3.96,0.0,0.0,0.0
24,9e2adb8e95b6d4f0d645ad02c8cbd935ec7701ec5da22557ec5411c46e9c7f4a,25,24.8,0.0,0.0,0.0,28.6,34.33,0.0,0.0,4.72,0.0,3.55,0.0
25,9e2adb8e95b6d4f0d645ad02c8cbd935ec7701ec5da22557ec5411c46e9c7f4a,26,22.98,0.0,0.0,0.0,16.23,0.0,0.0,0.0,4.24,0.0,0.0,0.0
26,9e2adb8e95b6d4f0d645ad02c8cbd935ec7701ec5da22557ec5411c46e9c7f4a,27,9.9,0.0,0.0,0.0,8.75,0.0,0.0,0.0,0.0,0.0,0.0,0.0
27,9e2adb8e95b6d4f0d645ad02c8cbd935ec7701ec5da22557ec5411c46e9c7f4a,28,0.0,0.0,0.0,0.0,32.09,0.0,0.0,0.0,0.0,0.0,0.0,0.0
28,9e2adb8e95b6d4f0d645ad02c8cbd935ec7701ec5da22557ec5411c46e9c7f4a,29,0.0,0.0,0.0,0.0,18.9,125.93,0.0,0.0,0.0,0.0,0.0,0.0
29,9e2adb8e95b6d4f0d645ad02c8cbd935ec7701ec5da22557ec5411c46e9c7f4a,30,0.0,0.0,0.0,0.0,0.0,0.0,0.0,0.0,0.0,0.0,0.0,0.0
30,9e2adb8e95b6d4f0d645ad02c8cbd935ec7701ec5da22557ec5411c46e9c7f4a,31,0.0,0.0,0.0,0.0,0.0,202.76,8.96,0.0,0.0,0.0,85.69,0.0
31,9e2adb8e95b6d4f0d645ad02c8cbd935ec7701ec5da22557ec5411c46e9c7f4a,32,0.0,0.0,0.0,0.0,0.0,108.35,0.0,0.0,0.0,0.0,0.0,0.0
32,9e2adb8e95b6d4f0d645ad02c8cbd935ec7701ec5da22557ec5411c46e9c7f4a,33,0.0,0.0,0.0,0.0,0.12,111.22,274.87,0.0,0.0,0.0,90.6,28.6
33,9e2adb8e95b6d4f0d645ad02c8cbd935ec7701ec5da22557ec5411c46e9c7f4a,34,0.0,0.0,0.0,0.0,7.87,48.45,338.83,0.0,0.0,0.0,0.0,20.57
34,9e2adb8e95b6d4f0d645ad02c8cbd935ec7701ec5da22557ec5411c46e9c7f4a,35,0.0,0.0,0.0,0.0,0.0,0.0,0.0,0.0,0.0,0.0,0.0,0.0
35,9e2adb8e95b6d4f0d645ad02c8cbd935ec7701ec5da22557ec5411c46e9c7f4a,36,0.0,0.0,0.0,0.0,0.0,0.0,0.0,0.0,0.0,0.0,0.0,15.64
36,9e2adb8e95b6d4f0d645ad02c8cbd935ec7701ec5da22557ec5411c46e9c7f4a,37,0.0,0.0,0.0,0.0,0.0,42.52,0.0,0.0,0.0,0.0,2.29,3.77
37,9e2adb8e95b6d4f0d645ad02c8cbd935ec7701ec5da22557ec5411c46e9c7f4a,38,0.0,0.0,0.0,0.0,0.0,296.48,89.0,0.0,0.0,0.0,49.86,26.52
38,9e2adb8e95b6d4f0d645ad02c8cbd935ec7701ec5da22557ec5411c46e9c7f4a,39,0.0,0.0,0.0,0.0,0.0,0.0,37.1,0.0,0.0,0.0,98.99,13.92
39,9e2adb8e95b6d4f0d645ad02c8cbd935ec7701ec5da22557ec5411c46e9c7f4a,40,0.0,0.0,0.0,0.0,19.32,116.25,0.0,0.0,0.0,0.0,45.94,13.41
40,9e2adb8e95b6d4f0d645ad02c8cbd935ec7701ec5da22557ec5411c46e9c7f4a,41,0.0,0.0,0.0,0.0,0.0,0.0,51.74,0.0,0.0,0.0,36.66,3.15
41,9e2adb8e95b6d4f0d645ad02c8cbd935ec7701ec5da22557ec5411c46e9c7f4a,42,0.0,2.41,0.0,0.0,1.9,286.74,169.4,0.0,0.0,0.0,0.0,24.55
42,9e2adb8e95b6d4f0d645ad02c8cbd935ec7701ec5da22557ec5411c46e9c7f4a,43,0.0,2.37,0.0,0.0,5.85,0.0,0.0,0.0,0.0,0.0,0.0,8.86
43,9e2adb8e95b6d4f0d645ad02c8cbd935ec7701ec5da22557ec5411c46e9c7f4a,44,0.0,2.02,0.0,0.0,0.0,169.17,0.0,0.0,0.0,0.0,0.0,0.0
44,9e2adb8e95b6d4f0d645ad02c8cbd935ec7701ec5da22557ec5411c46e9c7f4a,45,0.0,2.0,0.0,0.0,0.68,218.49,0.0,0.0,0.0,0.0,0.0,6.89
45,9e2adb8e95b6d4f0d645ad02c8cbd935ec7701ec5da22557ec5411c46e9c7f4a,46,0.0,1.67,0.0,0.0,12.53,139.63,0.0,0.0,0.0,0.0,0.0,18.52
46,9e2adb8e95b6d4f0d645ad02c8cbd935ec7701ec5da22557ec5411c46e9c7f4a,47,0.0,1.6,0.0,0.0,0.0,142.41,0.0,0.0,0.0,0.0,0.0,14.16
47,9e2adb8e95b6d4f0d645ad02c8cbd935ec7701ec5da22557ec5411c46e9c7f4a,48,0.0,1.48,0.0,0.0,0.68,287.88,0.0,0.0,0.0,0.0,0.0,5.61
48,9e2adb8e95b6d4f0d645ad02c8cbd935ec7701ec5da22557ec5411c46e9c7f4a,49,0.0,1.22,0.0,0.0,5.1,284.14,210.3,0.0,0.0,0.0,0.0,0.0
49,9e2adb8e95b6d4f0d645ad02c8cbd935ec7701ec5da22557ec5411c46e9c7f4a,50,0.0,1.11,0.0,0.0,3.75,302.03,0.0,0.0,0.0,0.0,0.0,0.0
50,9e2adb8e95b6d4f0d645ad02c8cbd935ec7701ec5da22557ec5411c46e9c7f4a,51,0.0,1.08,0.0,0.0,0.0,441.68,0.0,0.0,0.0,0.0,0.0,0.0
51,9e2adb8e95b6d4f0d645ad02c8cbd935ec7701ec5da22557ec5411c46e9c7f4a,52,0.0,0.62,0.0,0.0,30.58,303.45,0.0,0.0,0.0,0.0,33.94,0.0
52,9e2adb8e95b6d4f0d645ad02c8cbd935ec7701ec5da22557ec5411c46e9c7f4a,53,0.0,0.54,0.0,0.0,0.0,254.98,0.0,0.0,0.0,0.0,0.0,0.0
53,9e2adb8e95b6d4f0d645ad02c8cbd935ec7701ec5da22557ec5411c46e9c7f4a,54,0.0,0.38,0.0,0.0,0.0,385.42,0.0,0.0,0.0,0.0,0.0,0.0
54,9e2adb8e95b6d4f0d645ad02c8cbd935ec7701ec5da22557ec5411c46e9c7f4a,55,0.0,0.01,0.0,0.0,13.09,329.62,0.0,0.0,0.0,0.0,0.0,0.0
55,9e2adb8e95b6d4f0d645ad02c8cbd935ec7701ec5da22557ec5411c46e9c7f4a,56,0.0,0.17,0.0,0.0,3.28,322.56,0.0,0.0,0.0,0.0,0.0,0.0
56,9e2adb8e95b6d4f0d645ad02c8cbd935ec7701ec5da22557ec5411c46e9c7f4a,57,0.0,0.0,0.0,0.0,0.0,286.87,0.0,0.0,0.0,0.0,0.0,0.0
57,9e2adb8e95b6d4f0d645ad02c8cbd935ec7701ec5da22557ec5411c46e9c7f4a,58,0.0,0.0,0.0,0.0,14.04,151.0,0.0,0.0,0.0,0.0,0.0,0.0
58,9e2adb8e95b6d4f0d645ad02c8cbd935ec7701ec5da22557ec5411c46e9c7f4a,59,0.0,0.0,0.0,0.0,40.67,608.57,0.0,0.0,0.0,0.0,0.0,0.0
59,9e2adb8e95b6d4f0d645ad02c8cbd935ec7701ec5da22557ec5411c46e9c7f4a,60,0.0,0.0,0.0,0.0,46.24,243.36,0.0,0.0,0.0,0.0,0.0,0.0
60,9e2adb8e95b6d4f0d645ad02c8cbd935ec7701ec5da22557ec5411c46e9c7f4a,61,0.0,0.0,0.0,0.0,23.58,300.77,170.22,0.0,0.0,0.0,8.73,0.0
61,9e2adb8e95b6d4f0d645ad02c8cbd935ec7701ec5da22557ec5411c46e9c7f4a,62,0.0,0.0,0.0,0.0,41.02,179.53,0.0,0.0,0.0,0.0,20.41,0.0
62,9e2adb8e95b6d4f0d645ad02c8cbd935ec7701ec5da22557ec5411c46e9c7f4a,63,0.0,0.0,0.0,0.0,33.14,0.0,0.0,0.0,0.0,0.0,59.7,0.0
63,9e2adb8e95b6d4f0d645ad02c8cbd935ec7701ec5da22557ec5411c46e9c7f4a,64,0.0,0.0,0.0,0.0,27.11,0.0,0.0,0.0,0.0,0.0,54.92,0.0
64,9e2adb8e95b6d4f0d645ad02c8cbd935ec7701ec5da22557ec5411c46e9c7f4a,65,0.0,0.0,0.0,0.0,30.96,83.41,0.0,0.0,0.0,0.0,0.0,0.0
65,9e2adb8e95b6d4f0d645ad02c8cbd935ec7701ec5da22557ec5411c46e9c7f4a,66,0.0,0.0,0.0,0.0,21.22,0.0,0.0,0.0,0.0,0.0,19.84,6.72
66,9e2adb8e95b6d4f0d645ad02c8cbd935ec7701ec5da22557ec5411c46e9c7f4a,67,0.0,0.0,0.0,0.0,6.36,199.06,0.0,0.0,0.0,0.0,0.0,10.03
67,9e2adb8e95b6d4f0d645ad02c8cbd935ec7701ec5da22557ec5411c46e9c7f4a,68,0.0,0.0,0.0,0.0,37.39,0.0,0.0,0.0,0.0,0.0,30.26,16.28
68,9e2adb8e95b6d4f0d645ad02c8cbd935ec7701ec5da22557ec5411c46e9c7f4a,69,0.0,0.0,0.0,0.0,0.0,0.0,0.0,0.0,0.0,0.0,0.0,0.0
69,9e2adb8e95b6d4f0d645ad02c8cbd935ec7701ec5da22557ec5411c46e9c7f4a,70,0.0,0.0,0.0,0.0,37.1,0.0,0.0,0.0,0.0,0.0,0.0,0.0
70,9e2adb8e95b6d4f0d645ad02c8cbd935ec7701ec5da22557ec5411c46e9c7f4a,71,0.0,0.0,0.0,0.0,35.39,0.0,0.0,0.0,0.0,0.0,22.22,9.54
71,9e2adb8e95b6d4f0d645ad02c8cbd935ec7701ec5da22557ec5411c46e9c7f4a,72,0.0,0.0,0.0,0.0,36.18,0.0,0.0,0.0,0.0,0.0,0.0,8.76
72,9e2adb8e95b6d4f0d645ad02c8cbd935ec7701ec5da22557ec5411c46e9c7f4a,73,0.0,0.0,0.0,0.0,15.34,0.0,0.0,0.0,0.0,0.0,0.0,12.58
73,9e2adb8e95b6d4f0d645ad02c8cbd935ec7701ec5da22557ec5411c46e9c7f4a,74,0.0,0.0,0.0,0.0,38.28,171.27,0.0,0.0,0.0,0.0,0.0,8.37
74,9e2adb8e95b6d4f0d645ad02c8cbd935ec7701ec5da22557ec5411c46e9c7f4a,75,0.0,0.0,0.0,0.0,53.41,0.0,0.0,0.0,0.0,0.0,0.0,0.0
75,9e2adb8e95b6d4f0d645ad02c8cbd935ec7701ec5da22557ec5411c46e9c7f4a,76,0.0,0.0,0.0,0.0,32.29,0.0,0.0,0.0,0.0,0.0,0.0,8.88
76,9e2adb8e95b6d4f0d645ad02c8cbd935ec7701ec5da22557ec5411c46e9c7f4a,77,0.0,0.0,0.0,0.0,34.58,0.0,0.0,0.0,0.0,0.0,0.0,6.2
77,9e2adb8e95b6d4f0d645ad02c8cbd935ec7701ec5da22557ec5411c46e9c7f4a,78,0.0,0.0,0.0,0.0,33.0,81.48,0.0,0.0,0.0,0.0,71.82,13.27
78,9e2adb8e95b6d4f0d645ad02c8cbd935ec7701ec5da22557ec5411c46e9c7f4a,79,0.0,0.0,0.0,0.0,1.59,4.18,0.0,0.0,0.0,0.0,0.0,0.0
79,9e2adb8e95b6d4f0d645ad02c8cbd935ec7701ec5da22557ec5411c46e9c7f4a,80,0.0,0.0,0.0,0.0,23.36,139.94,0.0,0.0,0.0,0.0,0.0,0.0
80,9e2adb8e95b6d4f0d645ad02c8cbd935ec7701ec5da22557ec5411c46e9c7f4a,81,0.0,0.0,0.0,0.0,33.16,120.0,0.0,0.0,0.0,0.0,0.0,0.0
81,9e2adb8e95b6d4f0d645ad02c8cbd935ec7701ec5da22557ec5411c46e9c7f4a,82,0.0,0.0,0.0,0.0,22.42,0.0,0.0,0.0,0.0,0.0,0.0,0.0
82,9e2adb8e95b6d4f0d645ad02c8cbd935ec7701ec5da22557ec5411c46e9c7f4a,83,0.0,0.0,0.0,0.0,42.58,92.7,0.0,0.0,0.0,0.0,0.0,0.0
83,9e2adb8e95b6d4f0d645ad02c8cbd935ec7701ec5da22557ec5411c46e9c7f4a,84,0.0,0.0,0.0,0.0,19.3,138.12,0.0,0.0,0.0,0.0,0.0,0.0
84,9e2adb8e95b6d4f0d645ad02c8cbd935ec7701ec5da22557ec5411c46e9c7f4a,85,0.0,0.0,0.0,0.0,44.79,323.63,0.0,0.0,0.0,0.0,0.0,0.0
85,9e2adb8e95b6d4f0d645ad02c8cbd935ec7701ec5da22557ec5411c46e9c7f4a,86,0.0,0.0,0.0,0.0,34.93,323.41,0.0,0.0,0.0,0.0,0.0,0.0
86,9e2adb8e95b6d4f0d645ad02c8cbd935ec7701ec5da22557ec5411c46e9c7f4a,87,0.0,0.0,0.0,0.0,28.9,407.17,0.0,0.0,0.0,0.0,0.0,0.0
87,9e2adb8e95b6d4f0d645ad02c8cbd935ec7701ec5da22557ec5411c46e9c7f4a,88,0.0,0.0,0.0,0.0,0.0,212.18,0.0,0.0,0.0,0.0,0.0,0.0
88,9e2adb8e95b6d4f0d645ad02c8cbd935ec7701ec5da22557ec5411c46e9c7f4a,89,0.0,0.0,0.0,0.0,0.75,360.65,0.0,0.0,0.0,0.0,0.0,0.0
89,9e2adb8e95b6d4f0d645ad02c8cbd935ec7701ec5da22557ec5411c46e9c7f4a,90,0.0,0.0,0.0,0.0,8.07,78.44,0.0,0.0,0.0,0.0,0.0,0.0
180,e9126f469646506b8e82b4214d075bf72d9d324d357650ba670ed6f6fbbf2a75,1,79.42,25.92,53.0,53.22,0.0,98.5,133.63,0.0,42.33,18.7,34.17,21.5
181,e9126f469646506b8e82b4214d075bf72d9d324d357650ba670ed6f6fbbf2a75,2,72.61,12.67,130.73,65.8,4.18,0.0,95.24,39.34,19.14,31.26,36.79,17.17
182,e9126f469646506b8e82b4214d075bf72d9d324d357650ba670ed6f6fbbf2a75,3,72.15,0.0,7.86,52.87,20.33,284.82,72.55,0.0,44.6,23.55,40.29,16.66
183,e9126f469646506b8e82b4214d075bf72d9d324d357650ba670ed6f6fbbf2a75,4,82.82,32.72,67.71,59.78,7.89,150.05,80.52,8.93,25.89,24.57,24.56,19.12
184,e9126f469646506b8e82b4214d075bf72d9d324d357650ba670ed6f6fbbf2a75,5,61.06,1.56,153.38,50.75,18.37,0.0,68.79,0.0,54.83,25.31,0.0,17.08
185,e9126f469646506b8e82b4214d075bf72d9d324d357650ba670ed6f6fbbf2a75,6,57.91,26.49,35.92,52.37,7.17,261.89,147.01,30.6,0.0,27.55,62.36,17.82
186,e9126f469646506b8e82b4214d075bf72d9d324d357650ba670ed6f6fbbf2a75,7,55.59,0.0,128.6,44.12,5.22,44.89,39.03,0.0,87.88,22.21,11.17,13.52
187,e9126f469646506b8e82b4214d075bf72d9d324d357650ba670ed6f6fbbf2a75,8,56.46,17.72,30.61,40.88,12.77,0.0,0.0,12.6,28.69,28.95,18.77,16.24
188,e9126f469646506b8e82b4214d075bf72d9d324d357650ba670ed6f6fbbf2a75,9,50.07,0.0,37.29,44.82,4.63,0.0,101.56,0.0,16.79,29.77,19.46,12.57
189,e9126f469646506b8e82b4214d075bf72d9d324d357650ba670ed6f6fbbf2a75,10,47.65,63.31,86.45,0.0,17.34,0.0,120.19,19.22,3.19,29.45,0.0,11.4
190,e9126f469646506b8e82b4214d075bf72d9d324d357650ba670ed6f6fbbf2a75,11,34.87,16.17,0.0,0.0,10.47,0.0,85.43,49.08,25.14,28.54,5.57,11.14
191,e9126f469646506b8e82b4214d075bf72d9d324d357650ba670ed6f6fbbf2a75,12,43.82,8.13,77.17,0.0,6.67,0.0,120.36,0.0,0.83,28.44,19.59,0.0
192,e9126f469646506b8e82b4214d075bf72d9d324d357650ba670ed6f6fbbf2a75,13,30.76,0.0,0.0,0.0,3.6,23.67,62.04,0.0,0.0,28.36,27.49,0.0
193,e9126f469646506b8e82b4214d075bf72d9d324d357650ba670ed6f6fbbf2a75,14,23.7,15.67,64.13,0.0,8.44,0.0,65.76,0.0,0.83,29.75,19.1,0.0
194,e9126f469646506b8e82b4214d075bf72d9d324d357650ba670ed6f6fbbf2a75,15,20.36,0.91,122.66,0.0,21.32,0.0,39.27,53.62,0.0,28.64,31.68,0.0
195,e9126f469646506b8e82b4214d075bf72d9d324d357650ba670ed6f6fbbf2a75,16,21.03,9.4,27.82,0.0,10.04,0.0,9.13,135.3,0.0,30.65,25.42,0.0
196,e9126f469646506b8e82b4214d075bf72d9d324d357650ba670ed6f6fbbf2a75,17,25.0,0.0,0.0,0.0,10.22,0.0,101.54,0.0,0.0,27.39,17.23,0.0
197,e9126f469646506b8e82b4214d075bf72d9d324d357650ba670ed6f6fbbf2a75,18,27.88,4.21,10.13,11.72,13.2,96.61,3.16,50.88,0.0,33.89,37.02,0.0
198,e9126f469646506b8e82b4214d075bf72d9d324d357650ba670ed6f6fbbf2a75,19,18.49,0.0,18.9,5.22,6.9,38.97,39.4,33.23,0.0,37.23,13.72,0.0
199,e9126f469646506b8e82b4214d075bf72d9d324d357650ba670ed6f6fbbf2a75,20,24.19,25.42,0.0,0.59,1.44,0.0,0.0,0.0,0.0,39.8,6.26,0.0
200,e9126f469646506b8e82b4214d075bf72d9d324d357650ba670ed6f6fbbf2a75,21,11.8,15.78,0.0,0.0,0.0,91.72,44.35,0.0,0.0,0.0,26.64,0.0
201,e9126f469646506b8e82b4214d075bf72d9d324d357650ba670ed6f6fbbf2a75,22,0.0,0.0,0.0,3.87,0.0,0.0,0.0,0.0,0.0,0.0,29.61,0.0
202,e9126f469646506b8e82b4214d075bf72d9d324d357650ba670ed6f6fbbf2a75,23,0.0,53.73,41.38,0.0,0.0,55.94,61.71,0.0,36.56,4.23,0.0,0.08
203,e9126f469646506b8e82b4214d075bf72d9d324d357650ba670ed6f6fbbf2a75,24,0.0,0.0,0.0,0.0,0.0,47.41,16.05,0.0,5.92,2.78,37.05,0.0
204,e9126f469646506b8e82b4214d075bf72d9d324d357650ba670ed6f6fbbf2a75,25,0.0,16.81,0.0,0.0,0.0,0.0,42.95,0.0,31.19,0.0,0.0,0.0
205,e9126f469646506b8e82b4214d075bf72d9d324d357650ba670ed6f6fbbf2a75,26,0.0,31.74,0.0,0.0,0.0,0.0,0.0,44.11,12.64,0.0,36.57,0.0
206,e9126f469646506b8e82b4214d075bf72d9d324d357650ba670ed6f6fbbf2a75,27,0.0,22.77,0.0,0.0,0.0,0.0,24.35,30.69,0.0,5.73,16.54,0.0
207,e9126f469646506b8e82b4214d075bf72d9d324d357650ba670ed6f6fbbf2a75,28,0.0,0.0,0.0,0.0,0.0,0.0,0.0,88.7,10.77,6.79,1.52,0.0
208,e9126f469646506b8e82b4214d075bf72d9d324d357650ba670ed6f6fbbf2a75,29,0.0,0.0,0.0,0.0,0.0,279.93,2.04,137.57,26.64,12.64,2.82,0.0
209,e9126f469646506b8e82b4214d075bf72d9d324d357650ba670ed6f6fbbf2a75,30,0.0,0.0,0.0,0.0,0.0,0.0,0.0,52.46,0.0,4.33,28.81,0.0
210,e9126f469646506b8e82b4214d075bf72d9d324d357650ba670ed6f6fbbf2a75,31,0.0,23.95,0.0,0.0,0.0,0.0,11.11,0.0,0.0,4.87,14.16,0.0
211,e9126f469646506b8e82b4214d075bf72d9d324d357650ba670ed6f6fbbf2a75,32,0.0,0.0,0.0,0.0,0.0,0.0,0.0,0.0,5.08,16.76,2.24,0.0
212,e9126f469646506b8e82b4214d075bf72d9d324d357650ba670ed6f6fbbf2a75,33,0.0,22.75,0.0,0.0,0.0,158.66,0.0,0.0,25.09,9.99,26.85,0.0
213,e9126f469646506b8e82b4214d075bf72d9d324d357650ba670ed6f6fbbf2a75,34,0.0,0.0,0.0,0.0,0.0,0.0,0.0,77.83,0.0,11.14,0.0,0.0
214,e9126f469646506b8e82b4214d075bf72d9d324d357650ba670ed6f6fbbf2a75,35,0.0,5.85,0.0,0.0,0.0,114.93,0.0,0.0,0.0,10.69,0.0,0.0
215,e9126f469646506b8e82b4214d075bf72d9d324d357650ba670ed6f6fbbf2a75,36,0.0,24.06,0.0,0.0,0.0,0.0,0.0,0.0,0.0,18.5,0.0,0.0
216,e9126f469646506b8e82b4214d075bf72d9d324d357650ba670ed6f6fbbf2a75,37,0.0,0.0,0.0,0.0,0.0,0.0,0.0,0.0,0.0,9.05,0.0,0.0
217,e9126f469646506b8e82b4214d075bf72d9d324d357650ba670ed6f6fbbf2a75,38,0.0,0.0,0.0,0.0,2.11,147.77,0.0,24.14,0.0,9.98,0.0,0.0
218,e9126f469646506b8e82b4214d075bf72d9d324d357650ba670ed6f6fbbf2a75,39,0.0,0.0,0.0,0.0,0.0,0.0,0.0,0.0,0.0,10.18,0.0,0.0
219,e9126f469646506b8e82b4214d075bf72d9d324d357650ba670ed6f6fbbf2a75,40,0.0,5.67,0.0,0.0,9.1,0.0,0.0,0.0,0.0,58.74,0.0,0.0
220,e9126f469646506b8e82b4214d075bf72d9d324d357650ba670ed6f6fbbf2a75,41,0.0,0.0,0.0,0.0,0.0,0.0,0.0,12.74,0.0,49.03,0.0,0.0
221,e9126f469646506b8e82b4214d075bf72d9d324d357650ba670ed6f6fbbf2a75,42,0.0,1.38,0.0,0.0,4.25,0.0,0.0,66.46,0.0,50.28,0.0,0.0
222,e9126f469646506b8e82b4214d075bf72d9d324d357650ba670ed6f6fbbf2a75,43,0.0,0.0,0.0,0.0,1.86,0.0,0.0,37.69,0.0,69.94,0.0,0.0
223,e9126f469646506b8e82b4214d075bf72d9d324d357650ba670ed6f6fbbf2a75,44,0.0,0.0,0.0,0.0,10.73,0.0,0.0,0.0,0.0,55.9,0.0,0.0
224,e9126f469646506b8e82b4214d075bf72d9d324d357650ba670ed6f6fbbf2a75,45,0.0,15.63,0.0,0.0,0.0,0.0,0.0,25.56,0.0,60.56,0.0,0.0
225,e9126f469646506b8e82b4214d075bf72d9d324d357650ba670ed6f6fbbf2a75,46,0.0,0.0,0.0,0.0,0.0,0.0,0.0,96.89,7.59,64.85,0.0,0.0
226,e9126f469646506b8e82b4214d075bf72d9d324d357650ba670ed6f6fbbf2a75,47,0.0,13.08,0.0,0.0,0.17,0.0,0.0,69.66,55.65,60.69,0.0,0.0
227,e9126f469646506b8e82b4214d075bf72d9d324d357650ba670ed6f6fbbf2a75,48,0.0,0.0,0.0,0.0,7.85,0.0,0.0,72.11,24.28,66.28,0.0,0.0
228,e9126f469646506b8e82b4214d075bf72d9d324d357650ba670ed6f6fbbf2a75,49,0.0,0.0,0.0,0.0,2.79,0.0,0.0,0.0,0.0,65.27,0.0,0.0
229,e9126f469646506b8e82b4214d075bf72d9d324d357650ba670ed6f6fbbf2a75,50,0.0,4.06,0.0,0.0,9.54,15.63,0.0,20.75,23.52,69.9,0.0,0.0
230,e9126f469646506b8e82b4214d075bf72d9d324d357650ba670ed6f6fbbf2a75,51,0.0,5.58,0.0,0.0,12.08,0.0,0.0,0.0,0.0,71.08,0.0,0.0
231,e9126f469646506b8e82b4214d075bf72d9d324d357650ba670ed6f6fbbf2a75,52,0.0,4.67,0.0,0.0,3.56,0.0,0.0,92.19,0.0,63.08,0.0,0.0
232,e9126f469646506b8e82b4214d075bf72d9d324d357650ba670ed6f6fbbf2a75,53,0.0,0.0,0.0,0.0,0.0,112.44,0.0,0.0,25.6,66.05,0.0,0.0
233,e9126f469646506b8e82b4214d075bf72d9d324d357650ba670ed6f6fbbf2a75,54,0.0,0.0,0.0,0.0,3.79,17.05,0.0,77.77,30.99,70.75,0.0,0.0
234,e9126f469646506b8e82b4214d075bf72d9d324d357650ba670ed6f6fbbf2a75,55,0.0,1.48,0.0,0.0,4.03,0.0,0.0,88.69,0.0,76.05,0.0,0.0
235,e9126f469646506b8e82b4214d075bf72d9d324d357650ba670ed6f6fbbf2a75,56,0.0,0.0,0.0,0.0,7.06,53.57,0.0,0.0,0.0,72.61,0.0,0.0
236,e9126f469646506b8e82b4214d075bf72d9d324d357650ba670ed6f6fbbf2a75,57,0.0,0.0,0.0,0.0,0.0,0.0,0.0,0.0,0.0,71.16,0.0,0.0
237,e9126f469646506b8e82b4214d075bf72d9d324d357650ba670ed6f6fbbf2a75,58,0.0,0.0,0.0,0.0,0.0,0.0,0.0,0.0,11.09,71.07,0.0,0.0
238,e9126f469646506b8e82b4214d075bf72d9d324d357650ba670ed6f6fbbf2a75,59,0.0,0.0,0.0,0.0,0.0,0.0,0.0,0.0,0.0,70.28,0.0,0.0
239,e9126f469646506b8e82b4214d075bf72d9d324d357650ba670ed6f6fbbf2a75,60,0.0,11.03,0.0,0.0,0.0,0.0,0.0,0.0,0.0,33.86,0.0,0.0
240,e9126f469646506b8e82b4214d075bf72d9d324d357650ba670ed6f6fbbf2a75,61,0.0,0.0,0.0,0.0,0.0,0.0,0.0,0.0,0.0,35.57,0.0,0.0
241,e9126f469646506b8e82b4214d075bf72d9d324d357650ba670ed6f6fbbf2a75,62,0.0,0.0,0.0,0.0,0.0,0.0,0.0,0.0,0.0,39.49,0.0,0.0
242,e9126f469646506b8e82b4214d075bf72d9d324d357650ba670ed6f6fbbf2a75,63,0.0,16.69,0.0,0.0,0.0,0.0,0.0,61.9,0.0,34.93,0.0,0.0
243,e9126f469646506b8e82b4214d075bf72d9d324d357650ba670ed6f6fbbf2a75,64,0.0,0.0,0.0,0.0,0.0,0.0,0.0,39.09,0.0,40.57,0.0,0.0
244,e9126f469646506b8e82b4214d075bf72d9d324d357650ba670ed6f6fbbf2a75,65,0.0,9.84,0.0,0.0,0.0,52.27,0.0,8.79,0.0,33.24,0.0,0.0
245,e9126f469646506b8e82b4214d075bf72d9d324d357650ba670ed6f6fbbf2a75,66,0.0,0.0,0.0,0.0,0.0,0.0,0.0,0.0,0.0,35.92,0.0,0.0
246,e9126f469646506b8e82b4214d075bf72d9d324d357650ba670ed6f6fbbf2a75,67,0.0,2.98,0.0,0.0,0.0,0.0,0.0,33.89,0.0,36.51,0.0,0.0
247,e9126f469646506b8e82b4214d075bf72d9d324d357650ba670ed6f6fbbf2a75,68,0.0,0.0,0.0,0.0,0.0,0.0,0.0,0.0,9.88,43.9,0.0,0.0
248,e9126f469646506b8e82b4214d075bf72d9d324d357650ba670ed6f6fbbf2a75,69,0.0,19.75,0.0,0.0,0.0,0.0,0.0,0.0,9.65,33.29,0.0,0.0
249,e9126f469646506b8e82b4214d075bf72d9d324d357650ba670ed6f6fbbf2a75,70,0.0,4.73,0.0,0.0,0.0,0.0,0.0,0.0,0.0,43.79,0.0,0.0
250,e9126f469646506b8e82b4214d075bf72d9d324d357650ba670ed6f6fbbf2a75,71,0.0,33.22,0.0,0.0,0.0,0.0,0.0,0.0,1.21,39.58,10.93,0.0
251,e9126f469646506b8e82b4214d075bf72d9d324d357650ba670ed6f6fbbf2a75,72,0.0,0.0,0.0,0.0,0.0,0.0,0.0,47.77,20.38,42.97,0.0,0.0
252,e9126f469646506b8e82b4214d075bf72d9d324d357650ba670ed6f6fbbf2a75,73,0.0,0.0,0.0,0.0,0.0,0.0,0.0,0.0,0.0,48.38,23.48,0.0
253,e9126f469646506b8e82b4214d075bf72d9d324d357650ba670ed6f6fbbf2a75,74,0.0,2.58,0.0,0.0,0.0,0.0,0.0,0.0,21.79,41.54,0.0,0.0
254,e9126f469646506b8e82b4214d075bf72d9d324d357650ba670ed6f6fbbf2a75,75,0.0,0.0,0.0,0.0,0.0,0.0,0.0,0.0,0.0,46.86,25.18,0.0
255,e9126f469646506b8e82b4214d075bf72d9d324d357650ba670ed6f6fbbf2a75,76,0.0,0.0,0.0,0.0,2.51,0.0,0.0,0.42,0.0,44.01,0.0,0.0
256,e9126f469646506b8e82b4214d075bf72d9d324d357650ba670ed6f6fbbf2a75,77,0.0,0.0,0.0,0.0,0.0,0.0,0.0,129.76,0.0,48.33,0.0,0.0
257,e9126f469646506b8e82b4214d075bf72d9d324d357650ba670ed6f6fbbf2a75,78,0.0,0.0,0.0,0.0,1.19,0.0,0.0,47.19,0.0,53.0,0.0,0.0
258,e9126f469646506b8e82b4214d075bf72d9d324d357650ba670ed6f6fbbf2a75,79,0.0,0.0,0.0,0.0,5.16,0.0,0.0,0.0,0.0,83.88,0.0,0.0
259,e9126f469646506b8e82b4214d075bf72d9d324d357650ba670ed6f6fbbf2a75,80,0.0,7.65,0.0,0.0,0.0,0.0,0.0,2.12,0.0,101.57,0.0,0.0
260,e9126f469646506b8e82b4214d075bf72d9d324d357650ba670ed6f6fbbf2a75,81,0.0,8.41,0.0,0.0,0.0,0.0,0.0,0.0,0.0,89.75,0.0,0.0
261,e9126f469646506b8e82b4214d075bf72d9d324d357650ba670ed6f6fbbf2a75,82,0.0,0.0,0.0,0.0,0.0,0.0,0.0,78.5,0.0,96.37,7.57,0.0
262,e9126f469646506b8e82b4214d075bf72d9d324d357650ba670ed6f6fbbf2a75,83,0.0,1.63,0.0,0.0,0.0,0.0,0.0,32.44,0.0,100.26,8.48,0.0
263,e9126f469646506b8e82b4214d075bf72d9d324d357650ba670ed6f6fbbf2a75,84,0.0,17.21,0.0,0.0,0.0,0.0,0.0,0.0,0.0,92.31,0.0,0.0
264,e9126f469646506b8e82b4214d075bf72d9d324d357650ba670ed6f6fbbf2a75,85,0.0,5.22,0.0,0.0,2.31,0.0,0.0,115.95,0.0,100.27,0.0,0.0
265,e9126f469646506b8e82b4214d075bf72d9d324d357650ba670ed6f6fbbf2a75,86,0.0,0.0,0.0,0.0,0.0,0.0,0.0,0.0,1.13,94.69,0.0,0.0
266,e9126f469646506b8e82b4214d075bf72d9d324d357650ba670ed6f6fbbf2a75,87,0.0,19.59,0.0,0.0,0.0,0.0,0.0,67.98,0.0,95.86,25.06,0.0
267,e9126f469646506b8e82b4214d075bf72d9d324d357650ba670ed6f6fbbf2a75,88,0.0,22.63,0.0,0.0,0.0,0.0,0.0,10.95,0.0,94.35,20.59,0.0
268,e9126f469646506b8e82b4214d075bf72d9d324d357650ba670ed6f6fbbf2a75,89,0.0,0.0,0.0,0.0,1.22,50.28,0.0,0.0,0.0,101.72,0.0,0.0
269,e9126f469646506b8e82b4214d075bf72d9d324d357650ba670ed6f6fbbf2a75,90,0.0,29.62,0.0,0.0,0.0,0.0,0.0,48.35,0.0,95.24,18.05,0.0
270,f4972d45b42830d180360f2a2b5e921e5f67aa18ad09e94dd1cd0c041fed1329,1,36.78,6.52,108.84,0.0,3.72,104.69,93.05,4.14,12.2,19.56,0.0,0.0
271,f4972d45b42830d180360f2a2b5e921e5f67aa18ad09e94dd1cd0c041fed1329,2,57.7,10.24,164.1,220.87,5.73,96.02,103.67,155.1,57.8,19.19,0.0,108.85
272,f4972d45b42830d180360f2a2b5e921e5f67aa18ad09e94dd1cd0c041fed1329,3,51.6,6.28,1047.23,0.0,12.54,0.0,104.78,193.3,36.51,18.59,0.0,46.86
273,f4972d45b42830d180360f2a2b5e921e5f67aa18ad09e94dd1cd0c041fed1329,4,36.29,11.56,0.0,239.61,0.0,182.04,90.14,0.0,60.92,17.62,29.43,0.0
274,f4972d45b42830d180360f2a2b5e921e5f67aa18ad09e94dd1cd0c041fed1329,5,0.0,12.88,784.37,0.0,22.3,159.57,90.26,33.86,60.23,16.53,22.56,72.78
275,f4972d45b42830d180360f2a2b5e921e5f67aa18ad09e94dd1cd0c041fed1329,6,0.0,10.53,1283.02,495.53,0.0,33.08,113.09,17.99,0.0,16.69,0.0,19.61
276,f4972d45b42830d180360f2a2b5e921e5f67aa18ad09e94dd1cd0c041fed1329,7,0.0,6.57,0.0,70.34,8.62,98.99,106.36,77.64,9.54,15.71,0.0,0.0
277,f4972d45b42830d180360f2a2b5e921e5f67aa18ad09e94dd1cd0c041fed1329,8,71.4,7.87,0.0,0.0,11.05,87.18,105.97,46.81,43.44,15.14,0.0,25.23
278,f4972d45b42830d180360f2a2b5e921e5f67aa18ad09e94dd1cd0c041fed1329,9,67.81,5.66,0.0,401.39,15.8,105.85,102.78,14.3,42.1,14.49,1.53,26.95
279,f4972d45b42830d180360f2a2b5e921e5f67aa18ad09e94dd1cd0c041fed1329,10,36.3,7.58,0.0,0.0,0.0,56.44,88.08,133.17,26.22,12.8,0.0,119.43
280,f4972d45b42830d180360f2a2b5e921e5f67aa18ad09e94dd1cd0c041fed1329,11,59.23,4.56,0.0,199.01,0.0,115.56,93.75,16.69,0.0,12.91,29.19,108.03
281,f4972d45b42830d180360f2a2b5e921e5f67aa18ad09e94dd1cd0c041fed1329,12,0.0,7.79,0.0,190.73,15.23,140.1,93.43,113.03,45.8,0.0,34.43,103.5
282,f4972d45b42830d180360f2a2b5e921e5f67aa18ad09e94dd1cd0c041fed1329,13,0.0,6.59,0.0,226.51,3.7,177.07,99.84,4.1,0.0,0.0,42.61,9.62
283,f4972d45b42830d180360f2a2b5e921e5f67aa18ad09e94dd1cd0c041fed1329,14,0.0,5.89,41.23,316.51,0.34,73.37,97.53,45.86,0.0,0.0,55.19,0.0
284,f4972d45b42830d180360f2a2b5e921e5f67aa18ad09e94dd1cd0c041fed1329,15,32.35,6.66,35.47,269.01,0.0,0.0,83.27,60.12,4.8,0.0,0.0,0.0
285,f4972d45b42830d180360f2a2b5e921e5f67aa18ad09e94dd1cd0c041fed1329,16,56.0,6.67,0.0,0.0,1.44,0.0,89.51,0.0,75.34,0.0,0.0,133.71
286,f4972d45b42830d180360f2a2b5e921e5f67aa18ad09e94dd1cd0c041fed1329,17,55.39,10.53,0.0,65.14,10.64,0.0,83.2,0.0,113.65,0.0,0.0,23.0
287,f4972d45b42830d180360f2a2b5e921e5f67aa18ad09e94dd1cd0c041fed1329,18,49.08,5.35,0.0,420.21,8.11,0.0,89.54,46.24,33.72,0.0,1.97,0.0
288,f4972d45b42830d180360f2a2b5e921e5f67aa18ad09e94dd1cd0c041fed1329,19,0.0,6.92,0.0,165.61,5.03,0.0,94.92,0.0,0.0,0.0,0.0,0.0
289,f4972d45b42830d180360f2a2b5e921e5f67aa18ad09e94dd1cd0c041fed1329,20,0.0,1.89,276.79,0.0,0.0,0.0,91.18,0.0,4.2,0.0,0.0,51.85
290,f4972d45b42830d180360f2a2b5e921e5f67aa18ad09e94dd1cd0c041fed1329,21,0.0,7.91,610.62,0.0,0.0,0.0,83.45,0.0,0.0,0.0,49.96,0.0
291,f4972d45b42830d180360f2a2b5e921e5f67aa18ad09e94dd1cd0c041fed1329,22,51.0,1.3,0.0,0.0,0.0,0.0,92.72,0.0,48.99,0.0,39.96,0.0
292,f4972d45b42830d180360f2a2b5e921e5f67aa18ad09e94dd1cd0c041fed1329,23,51.24,0.0,174.29,0.0,0.0,0.0,83.42,0.0,26.32,3.73,0.0,0.0
293,f4972d45b42830d180360f2a2b5e921e5f67aa18ad09e94dd1cd0c041fed1329,24,13.5,0.0,549.02,0.0,0.0,0.0,81.17,0.0,0.0,2.13,0.0,75.21
294,f4972d45b42830d180360f2a2b5e921e5f67aa18ad09e94dd1cd0c041fed1329,25,44.38,0.0,486.92,11.38,0.0,0.0,89.41,0.0,0.0,1.67,0.0,0.0
295,f4972d45b42830d180360f2a2b5e921e5f67aa18ad09e94dd1cd0c041fed1329,26,0.0,0.0,0.0,0.0,0.0,0.0,82.66,21.68,63.09,0.51,3.77,0.0
296,f4972d45b42830d180360f2a2b5e921e5f67aa18ad09e94dd1cd0c041fed1329,27,0.0,0.0,0.0,63.93,0.0,0.0,84.98,0.0,54.96,0.0,0.0,15.33
297,f4972d45b42830d180360f2a2b5e921e5f67aa18ad09e94dd1cd0c041fed1329,28,0.0,0.0,0.0,0.0,0.0,0.0,92.5,55.17,32.55,0.0,32.98,13.81
298,f4972d45b42830d180360f2a2b5e921e5f67aa18ad09e94dd1cd0c041fed1329,29,30.75,0.0,0.0,0.0,0.0,65.22,76.21,0.0,0.0,0.0,22.06,0.0
299,f4972d45b42830d180360f2a2b5e921e5f67aa18ad09e94dd1cd0c041fed1329,30,44.54,0.0,81.87,0.0,0.0,144.13,92.75,0.0,0.0,0.0,0.0,0.0
300,f4972d45b42830d180360f2a2b5e921e5f67aa18ad09e94dd1cd0c041fed1329,31,33.91,0.0,405.78,0.0,0.0,21.51,89.31,0.0,11.07,0.0,8.95,0.0
301,f4972d45b42830d180360f2a2b5e921e5f67aa18ad09e94dd1cd0c041fed1329,32,43.79,0.0,0.0,517.23,0.0,190.23,68.67,0.0,0.0,0.0,0.0,196.77
302,f4972d45b42830d180360f2a2b5e921e5f67aa18ad09e94dd1cd0c041fed1329,33,0.0,0.0,0.0,0.0,0.0,48.19,77.74,0.0,0.0,0.0,0.0,0.0
303,f4972d45b42830d180360f2a2b5e921e5f67aa18ad09e94dd1cd0c041fed1329,34,0.0,0.0,391.71,0.0,0.0,237.38,0.0,0.0,41.17,0.0,0.0,67.61
304,f4972d45b42830d180360f2a2b5e921e5f67aa18ad09e94dd1cd0c041fed1329,35,0.0,0.0,0.0,0.0,0.0,112.85,0.0,0.0,0.0,0.0,0.0,85.51
305,f4972d45b42830d180360f2a2b5e921e5f67aa18ad09e94dd1cd0c041fed1329,36,38.69,0.0,24.66,0.0,0.0,70.79,0.0,0.0,50.75,0.0,0.0,0.0
306,f4972d45b42830d180360f2a2b5e921e5f67aa18ad09e94dd1cd0c041fed1329,37,28.0,0.0,0.0,0.0,0.0,18.97,0.0,78.25,0.0,0.0,0.0,8.63
307,f4972d45b42830d180360f2a2b5e921e5f67aa18ad09e94dd1cd0c041fed1329,38,0.0,0.0,669.45,0.0,0.0,106.07,0.0,0.0,14.46,0.0,0.0,75.86
308,f4972d45b42830d180360f2a2b5e921e5f67aa18ad09e94dd1cd0c041fed1329,39,0.0,0.0,581.33,0.0,0.0,0.0,0.0,0.0,0.0,0.0,0.0,59.48
309,f4972d45b42830d180360f2a2b5e921e5f67aa18ad09e94dd1cd0c041fed1329,40,0.0,0.0,0.0,0.0,0.0,7.66,0.0,134.53,0.0,0.0,0.0,0.0
310,f4972d45b42830d180360f2a2b5e921e5f67aa18ad09e94dd1cd0c041fed1329,41,0.0,0.0,0.0,0.0,0.0,0.0,0.0,51.97,77.06,0.0,0.0,140.19
311,f4972d45b42830d180360f2a2b5e921e5f67aa18ad09e94dd1cd0c041fed1329,42,0.0,0.0,0.0,113.05,13.17,0.0,0.0,0.0,73.84,0.0,0.0,32.1
312,f4972d45b42830d180360f2a2b5e921e5f67aa18ad09e94dd1cd0c041fed1329,43,35.21,0.0,0.0,1.0,1.12,0.0,0.0,90.28,0.0,0.0,0.0,221.25
313,f4972d45b42830d180360f2a2b5e921e5f67aa18ad09e94dd1cd0c041fed1329,44,8.38,3.57,0.0,0.0,0.0,0.0,0.0,86.89,20.23,0.0,65.41,36.62
314,f4972d45b42830d180360f2a2b5e921e5f67aa18ad09e94dd1cd0c041fed1329,45,15.68,0.0,74.5,0.0,0.0,0.0,0.0,0.0,34.19,0.0,0.0,69.28
315,f4972d45b42830d180360f2a2b5e921e5f67aa18ad09e94dd1cd0c041fed1329,46,24.69,0.0,381.28,202.45,0.0,0.0,0.0,78.62,0.0,0.0,3.11,206.61
316,f4972d45b42830d180360f2a2b5e921e5f67aa18ad09e94dd1cd0c041fed1329,47,0.0,0.0,348.68,265.41,0.0,0.0,0.0,0.0,65.6,0.0,1.63,186.08
317,f4972d45b42830d180360f2a2b5e921e5f67aa18ad09e94dd1cd0c041fed1329,48,0.0,0.0,206.95,0.0,0.0,0.0,0.0,0.0,32.98,0.0,0.0,49.1
318,f4972d45b42830d180360f2a2b5e921e5f67aa18ad09e94dd1cd0c041fed1329,49,0.0,0.0,0.0,0.0,0.0,0.0,0.0,0.0,0.0,0.0,31.36,0.0
319,f4972d45b42830d180360f2a2b5e921e5f67aa18ad09e94dd1cd0c041fed1329,50,4.78,0.0,0.0,0.0,0.0,0.0,0.0,0.0,87.77,0.0,10.09,88.33
320,f4972d45b42830d180360f2a2b5e921e5f67aa18ad09e94dd1cd0c041fed1329,51,0.93,0.0,0.0,0.0,1.17,0.0,0.0,0.0,75.67,0.0,1.95,0.0
321,f4972d45b42830d180360f2a2b5e921e5f67aa18ad09e94dd1cd0c041fed1329,52,0.0,0.0,0.53,0.0,0.0,0.0,0.0,0.0,0.0,0.0,0.0,49.41
322,f4972d45b42830d180360f2a2b5e921e5f67aa18ad09e94dd1cd0c041fed1329,53,0.0,0.0,0.0,203.75,0.0,0.0,0.0,0.0,45.87,0.0,0.0,5.64
323,f4972d45b42830d180360f2a2b5e921e5f67aa18ad09e94dd1cd0c041fed1329,54,0.0,0.0,247.69,184.0,0.0,0.0,0.0,0.0,0.0,0.0,0.0,76.67
324,f4972d45b42830d180360f2a2b5e921e5f67aa18ad09e94dd1cd0c041fed1329,55,0.0,0.0,0.0,60.38,0.0,30.42,0.0,0.0,0.0,0.0,0.0,11.8
325,f4972d45b42830d180360f2a2b5e921e5f67aa18ad09e94dd1cd0c041fed1329,56,0.0,0.0,0.0,463.37,0.0,0.0,0.0,0.0,101.58,0.0,0.0,0.0
326,f4972d45b42830d180360f2a2b5e921e5f67aa18ad09e94dd1cd0c041fed1329,57,0.0,0.0,0.0,0.0,0.0,0.0,0.0,0.0,11.14,0.0,0.0,0.0
327,f4972d45b42830d180360f2a2b5e921e5f67aa18ad09e94dd1cd0c041fed1329,58,24.19,0.0,0.0,5.96,0.0,0.0,0.0,0.0,37.34,0.0,0.0,109.6
328,f4972d45b42830d180360f2a2b5e921e5f67aa18ad09e94dd1cd0c041fed1329,59,15.59,2.27,448.65,226.44,0.0,0.0,0.0,0.0,9.01,0.0,0.0,0.0
329,f4972d45b42830d180360f2a2b5e921e5f67aa18ad09e94dd1cd0c041fed1329,60,0.0,0.0,0.0,159.78,0.0,26.74,0.0,0.0,24.3,0.0,0.0,0.0
330,f4972d45b42830d180360f2a2b5e921e5f67aa18ad09e94dd1cd0c041fed1329,61,0.0,0.0,0.0,0.0,0.0,0.0,0.0,0.0,12.79,0.0,0.0,95.23
331,f4972d45b42830d180360f2a2b5e921e5f67aa18ad09e94dd1cd0c041fed1329,62,0.0,0.0,0.0,0.0,0.0,0.0,0.0,0.0,0.0,0.0,0.0,19.55
332,f4972d45b42830d180360f2a2b5e921e5f67aa18ad09e94dd1cd0c041fed1329,63,0.0,0.0,0.0,0.0,0.0,0.0,0.0,0.0,13.85,0.0,17.13,99.63
333,f4972d45b42830d180360f2a2b5e921e5f67aa18ad09e94dd1cd0c041fed1329,64,4.89,0.0,102.11,0.0,0.0,0.0,0.0,0.0,0.0,0.0,0.0,77.28
334,f4972d45b42830d180360f2a2b5e921e5f67aa18ad09e94dd1cd0c041fed1329,65,3.51,0.0,0.0,157.23,0.0,0.0,0.0,0.0,93.12,0.0,0.0,4.87
335,f4972d45b42830d180360f2a2b5e921e5f67aa18ad09e94dd1cd0c041fed1329,66,0.0,0.0,0.0,0.0,0.0,0.0,0.0,57.85,0.0,0.0,0.0,0.0
336,f4972d45b42830d180360f2a2b5e921e5f67aa18ad09e94dd1cd0c041fed1329,67,0.0,0.0,146.14,0.0,0.0,0.0,64.6,0.0,0.0,0.0,0.0,168.14
337,f4972d45b42830d180360f2a2b5e921e5f67aa18ad09e94dd1cd0c041fed1329,68,0.0,0.0,529.4,0.0,0.0,0.0,60.95,0.0,22.16,0.0,0.0,98.97
338,f4972d45b42830d180360f2a2b5e921e5f67aa18ad09e94dd1cd0c041fed1329,69,0.0,0.0,0.0,0.0,0.0,0.0,64.11,0.0,0.0,0.0,0.0,255.38
339,f4972d45b42830d180360f2a2b5e921e5f67aa18ad09e94dd1cd0c041fed1329,70,0.0,0.0,0.0,0.0,0.0,0.0,63.02,0.0,0.0,0.0,0.0,236.74
340,f4972d45b42830d180360f2a2b5e921e5f67aa18ad09e94dd1cd0c041fed1329,71,0.0,0.0,0.0,11.14,0.0,0.0,56.04,0.0,0.0,0.0,0.0,56.93
341,f4972d45b42830d180360f2a2b5e921e5f67aa18ad09e94dd1cd0c041fed1329,72,0.0,0.0,0.0,423.52,0.0,0.0,48.27,122.0,0.0,0.0,0.0,112.23
342,f4972d45b42830d180360f2a2b5e921e5f67aa18ad09e94dd1cd0c041fed1329,73,0.0,0.0,0.0,0.0,0.0,0.0,68.52,32.29,0.0,0.0,0.0,129.07
343,f4972d45b42830d180360f2a2b5e921e5f67aa18ad09e94dd1cd0c041fed1329,74,0.0,0.0,0.0,92.89,0.0,0.0,51.49,77.61,0.0,0.0,0.0,223.88
344,f4972d45b42830d180360f2a2b5e921e5f67aa18ad09e94dd1cd0c041fed1329,75,0.0,0.0,0.0,0.0,0.0,0.0,44.75,0.0,0.0,0.0,0.0,278.12
345,f4972d45b42830d180360f2a2b5e921e5f67aa18ad09e94dd1cd0c041fed1329,76,0.0,0.0,0.0,108.23,0.0,0.0,51.74,74.02,0.0,0.0,0.0,280.29
346,f4972d45b42830d180360f2a2b5e921e5f67aa18ad09e94dd1cd0c041fed1329,77,0.0,0.0,0.0,0.0,0.0,0.0,62.67,79.24,0.0,0.0,0.0,131.71
347,f4972d45b42830d180360f2a2b5e921e5f67aa18ad09e94dd1cd0c041fed1329,78,0.0,0.0,0.0,38.86,0.0,0.0,51.08,0.0,0.0,0.0,0.0,115.54
348,f4972d45b42830d180360f2a2b5e921e5f67aa18ad09e94dd1cd0c041fed1329,79,0.0,0.0,0.0,0.0,0.0,0.0,52.92,0.0,0.0,0.0,0.0,122.49
349,f4972d45b42830d180360f2a2b5e921e5f67aa18ad09e94dd1cd0c041fed1329,80,0.0,0.0,179.15,176.35,0.0,0.0,54.32,0.0,0.0,0.0,0.0,5.72
350,f4972d45b42830d180360f2a2b5e921e5f67aa18ad09e94dd1cd0c041fed1329,81,0.0,0.0,0.0,16.57,0.0,0.0,55.37,0.0,0.0,0.0,0.0,128.85
351,f4972d45b42830d180360f2a2b5e921e5f67aa18ad09e94dd1cd0c041fed1329,82,0.0,0.0,523.22,0.0,0.0,0.0,46.78,0.0,17.35,0.0,0.0,174.84
352,f4972d45b42830d180360f2a2b5e921e5f67aa18ad09e94dd1cd0c041fed1329,83,0.0,0.0,266.09,0.0,0.0,0.0,39.54,0.0,0.0,0.0,0.0,230.78
353,f4972d45b42830d180360f2a2b5e921e5f67aa18ad09e94dd1cd0c041fed1329,84,0.0,0.0,0.0,328.19,0.0,0.0,45.0,0.0,52.57,0.0,0.0,71.38
354,f4972d45b42830d180360f2a2b5e921e5f67aa18ad09e94dd1cd0c041fed1329,85,0.0,0.0,0.0,61.27,0.0,0.0,48.22,0.0,54.03,0.0,0.0,147.8
355,f4972d45b42830d180360f2a2b5e921e5f67aa18ad09e94dd1cd0c041fed1329,86,0.0,0.0,0.0,296.18,0.0,0.0,41.51,0.0,0.0,0.0,0.0,25.08
356,f4972d45b42830d180360f2a2b5e921e5f67aa18ad09e94dd1cd0c041fed1329,87,0.0,0.0,0.0,0.0,0.0,0.0,40.42,0.0,0.0,0.0,0.0,85.53
357,f4972d45b42830d180360f2a2b5e921e5f67aa18ad09e94dd1cd0c041fed1329,88,0.0,0.0,0.0,228.2,0.0,0.0,40.6,36.61,21.33,0.0,0.0,186.05
358,f4972d45b42830d180360f2a2b5e921e5f67aa18ad09e94dd1cd0c041fed1329,89,0.0,0.0,0.0,211.05,0.0,0.0,60.24,0.0,49.74,0.0,0.0,65.12
359,f4972d45b42830d180360f2a2b5e921e5f67aa18ad09e94dd1cd0c041fed1329,90,0.0,0.0,0.0,0.0,0.0,0.0,41.57,0.0,0.0,0.0,0.0,66.02
